date,startTime,stopTime,distance,duration,kiloCalories,maximumHeartRate,averageHeartRate
2017-01-01,14:53:26,15:58:59,10503.0,NaT,587.0,,
2024-01-01,20:14:26,20:44:02,,NaT,206.0,137.0,128.0
2023-01-01,17:40:45,19:12:37,,NaT,732.0,153.0,136.0
2023-01-01,08:14:07,11:13:54,72330.203125,NaT,1680.0,179.0,160.0
2023-01-01,17:46:14,18:07:53,770.4000244140625,NaT,143.0,161.0,142.0
2022-01-01,16:51:35,17:51:03,10392.0,NaT,650.0,186.0,172.0
2017-01-01,11:31:06,12:04:36,5170.5,NaT,316.0,,
2015-01-01,09:54:37,12:16:03,36887.0,NaT,1018.0,172.0,133.0
2021-01-01,16:09:20,16:38:29,0.0,NaT,60.0,102.0,84.0
2020-01-01,08:28:19,09:11:22,6644.10009765625,00:41:09,369.0,,
2022-01-01,10:54:55,12:44:33,11090.0,NaT,1023.0,182.0,156.0
2019-01-01,19:54:12,20:22:21,0.0,00:28:07,120.0,,
2023-01-01,15:34:26,16:57:54,6257.0,NaT,344.0,174.0,155.0
2020-01-01,07:13:41,07:52:42,6700.2998046875,NaT,401.0,,
2025-01-01,19:44:23,20:23:24,7186.7001953125,NaT,389.0,178.0,161.0
2021-01-01,19:05:08,19:58:53,0.0,NaT,217.0,157.0,100.0
2023-01-01,16:50:54,17:49:36,10488.900390625,NaT,595.0,181.0,164.0
2021-01-01,09:07:11,13:28:45,20271.0,NaT,1924.0,167.0,129.0
2020-01-01,07:42:57,08:23:28,6642.7998046875,NaT,391.0,,
2018-01-01,09:36:26,10:34:20,9294.7998046875,NaT,469.0,,
2023-01-01,12:42:06,13:24:15,5134.5,NaT,324.0,176.0,149.0
2023-01-01,19:39:43,20:27:22,8528.7001953125,NaT,456.0,171.0,158.0
2025-01-01,17:58:59,18:44:40,800.0,NaT,254.0,144.0,111.0
2018-01-01,09:22:45,09:34:06,1201.800048828125,NaT,49.0,,
2024-01-01,19:09:14,20:05:28,8217.2998046875,NaT,446.0,183.0,164.0
2024-01-01,17:53:29,18:40:44,8535.099609375,NaT,428.0,178.0,154.0
2021-01-01,07:36:38,08:06:48,4693.39990234375,NaT,242.0,155.0,136.0
2021-01-01,19:11:26,20:10:34,10342.400390625,NaT,645.0,180.0,169.0
2022-01-01,20:02:35,21:01:25,10432.2001953125,NaT,635.0,181.0,170.0
2022-01-01,20:07:21,21:07:30,10332.900390625,NaT,647.0,182.0,171.0
2024-01-01,19:09:54,20:32:16,12205.7998046875,NaT,654.0,185.0,163.0
2023-01-01,17:14:15,18:29:57,8721.2998046875,NaT,574.0,167.0,148.0
2020-01-01,08:39:30,09:19:44,6645.5,NaT,411.0,,
2019-01-01,16:52:44,17:00:58,1644.5,00:08:12,88.0,,
2018-01-01,16:28:18,17:29:03,,NaT,266.0,,
2022-01-01,18:31:24,19:31:31,10411.099609375,NaT,603.0,177.0,160.0
2021-01-01,09:19:41,10:16:10,9531.599609375,NaT,609.0,189.0,168.0
2023-01-01,19:58:25,20:35:36,,NaT,206.0,140.0,111.0
2022-01-01,19:40:45,21:20:03,35730.30078125,NaT,877.0,180.0,149.0
2016-01-01,09:09:26,10:46:35,3332.199951171875,NaT,268.0,,
2020-01-01,09:18:42,10:55:52,15037.099609375,NaT,878.0,,
2022-01-01,18:10:22,19:38:39,15140.2998046875,NaT,879.0,172.0,159.0
2023-01-01,06:28:35,07:08:40,16244.900390625,NaT,364.0,176.0,158.0
2019-01-01,18:22:25,19:00:53,7013.2998046875,NaT,362.0,,
2024-01-01,17:05:44,17:35:23,4166.2998046875,NaT,259.0,171.0,145.0
2023-01-01,19:19:51,20:12:51,9570.2998046875,NaT,526.0,174.0,163.0
2021-01-01,19:01:33,19:47:01,,NaT,312.0,173.0,126.0
2022-01-01,19:01:12,19:51:28,0.0,NaT,326.0,183.0,123.0
2022-01-01,09:34:10,14:18:07,8023.7998046875,NaT,1494.0,144.0,113.0
2015-01-01,08:29:51,09:11:24,5022.7001953125,NaT,384.0,172.0,153.0
2025-01-01,08:05:27,08:45:03,6975.10009765625,NaT,385.0,170.0,159.0
2021-01-01,20:41:12,21:14:49,,NaT,69.0,100.0,81.0
2024-01-01,09:44:20,10:56:09,15005.599609375,NaT,312.0,177.0,125.0
2022-01-01,17:43:41,18:24:49,7030.39990234375,NaT,415.0,179.0,160.0
2021-01-01,17:11:30,17:50:04,6354.39990234375,NaT,358.0,166.0,149.0
2023-01-01,09:41:33,11:39:02,36223.6015625,NaT,972.0,167.0,144.0
2022-01-01,19:50:46,20:38:27,7865.2998046875,NaT,456.0,185.0,155.0
2024-01-01,19:37:37,20:11:33,,NaT,172.0,143.0,109.0
2024-01-01,15:58:00,16:47:02,10201.400390625,NaT,316.0,153.0,120.0
2021-01-01,08:48:19,09:39:05,8784.2998046875,NaT,532.0,184.0,164.0
2022-01-01,06:13:47,07:32:02,33204.80078125,NaT,611.0,165.0,143.0
2021-01-01,17:21:51,18:05:48,7559.10009765625,NaT,459.0,179.0,164.0
2023-01-01,08:29:21,08:59:05,3700.10009765625,NaT,223.0,155.0,127.0
2020-01-01,18:51:46,20:07:46,8029.7001953125,NaT,404.0,,
2022-01-01,18:42:39,19:42:42,10697.091796875,NaT,,,
2020-01-01,09:46:31,10:29:40,7438.2998046875,NaT,417.0,,
2022-01-01,06:09:00,06:43:46,,NaT,288.0,175.0,143.0
2022-01-01,18:36:52,19:31:57,9579.2998046875,NaT,599.0,181.0,169.0
2025-01-01,10:08:17,13:00:54,29451.599609375,NaT,683.0,168.0,125.0
2022-01-01,09:51:20,10:42:56,8615.7998046875,NaT,522.0,176.0,163.0
2018-01-01,16:21:02,17:12:00,8921.2998046875,NaT,464.0,,
2025-01-01,14:53:22,17:41:40,34778.3984375,NaT,974.0,149.0,126.0
2025-01-01,17:34:44,18:35:56,21517.19921875,NaT,490.0,164.0,148.0
2021-01-01,16:54:20,17:50:07,9729.2001953125,NaT,548.0,174.0,154.0
2024-01-01,19:38:41,20:12:09,6146.2001953125,NaT,314.0,175.0,158.0
2024-01-01,17:57:26,19:35:38,4441.0,NaT,900.0,175.0,159.0
2024-01-01,19:24:20,20:12:37,7369.7001953125,NaT,426.0,188.0,167.0
2020-01-01,08:36:11,08:43:39,1435.699951171875,NaT,62.0,,
2024-01-01,16:59:00,17:32:20,,NaT,227.0,160.0,125.0
2022-01-01,16:30:24,16:58:02,0.0,NaT,138.0,138.0,105.0
2023-01-01,05:41:02,06:42:33,10184.5,NaT,604.0,181.0,165.0
2022-01-01,19:24:21,19:59:58,6242.60009765625,NaT,371.0,182.0,164.0
2023-01-01,19:16:06,20:04:10,8767.099609375,NaT,475.0,173.0,161.0
2022-01-01,16:26:10,19:12:30,31061.19921875,NaT,1183.0,169.0,136.0
2022-01-01,09:57:32,12:52:59,8662.599609375,NaT,941.0,141.0,102.0
2017-01-01,08:13:35,08:35:42,3004.39990234375,NaT,191.0,,
2022-01-01,10:20:44,11:16:19,10364.400390625,NaT,597.0,182.0,170.0
2019-01-01,17:01:42,17:34:42,5606.0,NaT,294.0,,
2025-01-01,16:08:31,17:48:40,,NaT,113.0,128.0,103.0
2023-01-01,05:48:25,06:10:46,,NaT,143.0,150.0,127.0
2024-01-01,14:05:59,15:01:01,9772.7998046875,NaT,536.0,172.0,159.0
2022-01-01,15:42:46,16:20:08,,NaT,161.0,122.0,101.0
2023-01-01,19:21:32,20:17:14,10146.0,NaT,589.0,179.0,170.0
2017-01-01,11:32:50,12:33:13,9279.2998046875,NaT,553.0,,
2022-01-01,19:00:40,19:39:45,5980.7998046875,NaT,366.0,172.0,150.0
2016-01-01,09:46:06,10:51:33,2782.199951171875,NaT,248.0,,
2021-01-01,16:33:06,18:08:58,8874.7998046875,NaT,878.0,181.0,161.0
2023-01-01,19:37:58,20:37:18,10338.599609375,NaT,572.0,175.0,158.0
2019-01-01,17:08:09,17:40:26,5227.10009765625,NaT,293.0,,
2018-01-01,12:22:21,12:58:00,6304.5,NaT,328.0,,
2021-01-01,19:44:15,20:27:40,7656.2001953125,NaT,461.0,179.0,168.0
2023-01-01,10:26:14,12:54:03,4902.10009765625,NaT,1105.0,160.0,133.0
2025-01-01,20:34:40,21:07:01,5392.7998046875,NaT,286.0,167.0,150.0
2021-01-01,19:10:14,20:08:08,,NaT,326.0,154.0,114.0
2025-01-01,18:11:17,19:39:36,,NaT,244.0,152.0,125.0
2024-01-01,19:36:51,20:09:52,5893.2998046875,NaT,315.0,168.0,156.0
2022-01-01,10:30:19,14:01:40,9074.7998046875,NaT,1455.0,161.0,124.0
2016-01-01,11:52:21,13:13:39,4745.60009765625,01:21:17,414.0,,
2021-01-01,05:59:24,06:34:35,6039.2001953125,NaT,346.0,175.0,157.0
2024-01-01,07:58:12,13:41:24,16314.599609375,NaT,1867.0,148.0,110.0
2024-01-01,17:07:57,18:10:49,10234.2998046875,NaT,582.0,172.0,153.0
2018-01-01,12:01:08,13:02:35,10045.099609375,NaT,563.0,,
2020-01-01,20:00:46,20:41:33,6643.39990234375,NaT,385.0,,
2022-01-01,08:45:58,11:52:31,6253.2001953125,NaT,1438.0,181.0,150.0
2022-01-01,20:08:03,21:07:28,10383.599609375,NaT,627.0,180.0,167.0
2021-01-01,07:52:15,08:33:21,6027.0,NaT,334.0,178.0,135.0
2021-01-01,19:02:42,19:54:13,,NaT,280.0,145.0,113.0
2025-01-01,16:34:23,18:14:19,12637.7001953125,NaT,942.0,174.0,158.0
2022-01-01,19:05:10,19:35:34,0.0,NaT,149.0,144.0,108.0
2022-01-01,08:21:59,12:34:41,8945.7998046875,NaT,1970.0,181.0,152.0
2019-01-01,19:52:03,20:17:14,4745.60009765625,NaT,231.0,,
2024-01-01,17:19:56,17:58:17,5763.60009765625,NaT,369.0,178.0,161.0
2024-01-01,16:38:54,17:36:48,9504.7001953125,NaT,511.0,177.0,161.0
2024-01-01,19:08:49,19:50:01,,NaT,325.0,155.0,139.0
2025-01-01,12:35:26,15:04:59,,NaT,198.0,158.0,117.0
2022-01-01,06:01:13,06:33:53,,NaT,226.0,152.0,125.0
2020-01-01,13:12:52,13:52:26,6631.5,NaT,364.0,,
2023-01-01,23:54:57,00:32:35,6259.2001953125,NaT,359.0,172.0,157.0
2022-01-01,17:19:10,17:59:21,0.0,NaT,299.0,166.0,134.0
2023-01-01,16:46:19,17:40:43,9566.900390625,NaT,537.0,179.0,166.0
2025-01-01,21:02:27,22:18:39,11643.5,NaT,697.0,180.0,153.0
2024-01-01,11:16:47,11:50:05,6261.7998046875,NaT,320.0,172.0,157.0
2024-01-01,20:04:04,21:00:59,,NaT,386.0,172.0,144.0
2015-01-01,11:47:55,12:50:07,8364.400390625,NaT,664.0,183.0,169.0
2025-01-01,17:08:31,17:50:50,7249.39990234375,NaT,396.0,170.0,154.0
2023-01-01,15:35:38,16:35:31,10369.599609375,NaT,582.0,174.0,159.0
2022-01-01,06:02:04,06:36:23,,NaT,162.0,135.0,106.0
2024-01-01,17:35:18,18:36:40,6612.7998046875,NaT,553.0,175.0,152.0
2023-01-01,17:10:53,17:19:19,1460.5,NaT,25.0,149.0,126.0
2023-01-01,09:25:00,16:03:00,112900.0,06:38:00,,,
2021-01-01,19:14:46,19:46:42,,NaT,228.0,166.0,142.0
2023-01-01,14:08:01,14:40:00,,NaT,117.0,123.0,96.0
2022-01-01,19:05:21,19:46:32,0.0,NaT,254.0,156.0,118.0
2021-01-01,13:42:49,14:49:55,9892.0,NaT,636.0,183.0,157.0
2020-01-01,19:53:51,20:32:01,6656.60009765625,NaT,397.0,,
2023-01-01,19:34:30,21:04:53,,NaT,660.0,141.0,126.0
2023-01-01,19:21:51,19:55:43,6317.0,NaT,338.0,183.0,162.0
2022-01-01,06:04:17,06:37:18,0.0,NaT,166.0,139.0,108.0
2023-01-01,12:49:42,13:20:34,1400.0,NaT,257.0,163.0,140.0
2020-01-01,17:26:06,17:33:34,595.4000244140625,NaT,35.0,,
2020-01-01,17:13:46,17:53:59,6865.5,NaT,392.0,,
2025-01-01,17:05:33,17:47:37,6203.7998046875,NaT,357.0,163.0,143.0
2022-01-01,20:16:03,21:00:09,6362.7001953125,NaT,414.0,164.0,152.0
2022-01-01,19:41:52,20:28:15,7881.2998046875,NaT,453.0,184.0,158.0
2024-01-01,16:53:48,17:24:20,,NaT,158.0,143.0,110.0
2015-01-01,20:17:06,21:17:10,10437.7001953125,NaT,695.0,189.0,174.0
2021-01-01,08:32:38,09:42:26,10331.7998046875,NaT,578.0,161.0,139.0
2024-01-01,11:02:56,12:11:33,108.5,NaT,96.0,137.0,97.0
2022-01-01,10:20:16,11:18:30,10233.900390625,NaT,623.0,182.0,169.0
2020-01-01,07:54:53,08:33:17,6708.89990234375,NaT,410.0,,
2023-01-01,16:19:22,17:08:18,20936.5,NaT,437.0,177.0,155.0
2021-01-01,09:09:54,09:43:07,6207.7998046875,NaT,358.0,186.0,168.0
2021-01-01,11:50:52,12:40:32,8768.900390625,NaT,555.0,184.0,173.0
2022-01-01,18:12:09,19:18:26,8617.2998046875,NaT,548.0,171.0,151.0
2022-01-01,20:28:38,21:48:46,13694.099609375,NaT,837.0,178.0,166.0
2017-01-01,11:31:54,12:31:54,,01:00:00,,,
2022-01-01,16:00:42,17:00:27,9558.599609375,NaT,578.0,168.0,156.0
2023-01-01,16:10:59,17:38:23,12378.7001953125,NaT,712.0,176.0,165.0
2024-01-01,18:00:17,18:52:45,9641.7998046875,NaT,521.0,179.0,161.0
2023-01-01,18:04:37,18:36:20,5587.7001953125,NaT,293.0,177.0,155.0
2025-01-01,19:08:17,20:38:08,8582.7998046875,NaT,659.0,178.0,151.0
2022-01-01,07:36:43,08:21:58,7118.39990234375,NaT,475.0,187.0,166.0
2025-01-01,15:42:41,17:54:59,,NaT,301.0,157.0,106.0
2025-01-01,10:14:27,10:50:25,6065.0,NaT,340.0,173.0,160.0
2021-01-01,20:30:00,20:54:37,,NaT,60.0,115.0,88.0
2025-01-01,20:32:46,20:58:13,,NaT,164.0,153.0,123.0
2021-01-01,19:55:28,21:05:57,10841.099609375,NaT,721.0,181.0,161.0
2021-01-01,07:04:09,08:02:32,10749.2001953125,NaT,634.0,177.0,166.0
2018-01-01,08:50:19,11:32:13,33792.8984375,NaT,542.0,,
2016-01-01,17:11:55,17:37:40,4030.699951171875,NaT,257.0,181.0,162.0
2016-01-01,11:37:02,12:28:31,8209.900390625,NaT,482.0,,
2023-01-01,11:26:33,18:52:05,9132.7001953125,NaT,2422.0,156.0,116.0
2025-01-01,19:05:50,20:19:34,11159.7001953125,NaT,631.0,184.0,160.0
2024-01-01,19:05:36,20:14:16,11086.099609375,NaT,586.0,182.0,161.0
2021-01-01,16:41:31,17:27:28,6784.2998046875,NaT,454.0,174.0,159.0
2022-01-01,19:36:42,19:53:35,0.0,NaT,102.0,148.0,115.0
2022-01-01,18:08:08,19:05:15,10395.599609375,NaT,614.0,183.0,169.0
2025-01-01,10:25:44,15:25:33,39190.8984375,NaT,1651.0,168.0,140.0
2025-01-01,17:04:30,17:48:05,1444.0,NaT,293.0,159.0,125.0
2021-01-01,08:22:37,10:03:51,9230.2001953125,NaT,999.0,183.0,163.0
2015-01-01,07:28:31,09:03:36,10442.5,01:35:04,857.0,182.0,152.0
2024-01-01,16:52:59,17:32:42,5813.60009765625,NaT,306.0,175.0,157.0
2021-01-01,09:46:20,10:00:29,0.0,NaT,40.0,108.0,89.0
2023-01-01,11:46:49,12:48:17,10487.099609375,NaT,596.0,184.0,163.0
2023-01-01,19:19:01,20:14:36,,NaT,127.0,109.0,82.0
2019-01-01,17:55:13,19:56:34,19356.900390625,02:00:34,1021.0,,
2025-01-01,12:40:56,13:21:22,,NaT,91.0,116.0,83.0
2024-01-01,19:26:19,20:23:45,9768.5,NaT,552.0,176.0,158.0
2023-01-01,05:16:36,05:46:45,,NaT,220.0,149.0,127.0
2021-01-01,16:35:31,17:15:20,6453.0,NaT,333.0,157.0,139.0
2024-01-01,16:47:14,17:42:16,6093.2998046875,NaT,302.0,170.0,144.0
2021-01-01,17:00:07,17:55:23,9093.900390625,NaT,536.0,181.0,170.0
2023-01-01,06:52:16,07:11:05,694.5,NaT,145.0,154.0,137.0
2022-01-01,17:37:29,19:12:45,9421.0,NaT,946.0,179.0,159.0
2023-01-01,19:23:33,20:01:50,6258.7998046875,NaT,363.0,172.0,156.0
2024-01-01,11:55:11,12:16:44,3761.800048828125,NaT,156.0,158.0,135.0
2021-01-01,18:33:15,19:23:06,9485.400390625,NaT,535.0,178.0,167.0
2023-01-01,21:09:50,22:07:21,,NaT,479.0,156.0,142.0
2025-01-01,21:39:15,22:30:31,7766.7998046875,NaT,426.0,177.0,139.0
2025-01-01,16:10:17,18:06:39,,NaT,246.0,156.0,119.0
2024-01-01,06:21:04,07:11:10,19149.400390625,NaT,443.0,169.0,155.0
2023-01-01,16:36:06,17:53:16,13693.400390625,NaT,776.0,173.0,160.0
2024-01-01,14:41:41,18:29:27,25169.599609375,NaT,722.0,145.0,112.0
2023-01-01,17:24:23,18:01:53,,NaT,235.0,145.0,120.0
2024-01-01,19:15:11,20:24:54,,NaT,426.0,159.0,138.0
2023-01-01,18:27:14,19:20:58,9558.099609375,NaT,526.0,174.0,161.0
2025-01-01,17:21:03,17:56:38,5173.7998046875,NaT,256.0,173.0,153.0
2022-01-01,17:24:25,19:24:58,20153.5,NaT,1276.0,179.0,167.0
2021-01-01,07:16:17,07:54:11,6370.5,NaT,356.0,166.0,151.0
2024-01-01,17:23:23,18:22:27,10372.2998046875,NaT,588.0,180.0,162.0
2022-01-01,18:58:02,20:48:17,8472.5,NaT,802.0,171.0,139.0
2025-01-01,15:44:41,17:41:09,,NaT,234.0,162.0,113.0
2023-01-01,17:30:55,18:35:37,,NaT,421.0,134.0,122.0
2021-01-01,20:11:12,20:47:35,6286.10009765625,NaT,362.0,175.0,157.0
2022-01-01,16:36:31,17:48:56,8547.0,NaT,566.0,162.0,142.0
2022-01-01,08:08:37,09:06:43,10433.5,NaT,593.0,178.0,162.0
2022-01-01,17:45:27,18:44:11,10417.5,NaT,574.0,173.0,157.0
2021-01-01,20:46:35,21:04:21,0.0,NaT,63.0,129.0,96.0
2023-01-01,12:14:36,13:10:43,2227.699951171875,NaT,317.0,136.0,110.0
2021-01-01,08:00:00,14:25:00,9750.0,06:25:00,,,
2018-01-01,16:59:37,18:27:37,14459.2998046875,NaT,783.0,,
2017-01-01,11:32:55,12:33:33,9102.900390625,NaT,560.0,,
2022-01-01,09:55:44,14:48:05,6861.39990234375,NaT,2144.0,174.0,131.0
2022-01-01,06:01:21,06:35:11,,NaT,163.0,132.0,106.0
2016-01-01,11:36:59,12:34:46,2793.89990234375,NaT,280.0,,
2022-01-01,16:53:12,17:59:55,8694.2998046875,NaT,554.0,173.0,150.0
2023-01-01,20:18:06,20:49:59,,NaT,222.0,135.0,125.0
2018-01-01,08:00:39,11:26:33,43938.3984375,NaT,611.0,,
2021-01-01,10:17:05,14:32:22,15782.900390625,NaT,1782.0,169.0,124.0
2024-01-01,17:52:40,19:27:36,4318.0,NaT,899.0,174.0,157.0
2023-01-01,18:48:21,19:31:18,7210.60009765625,NaT,390.0,163.0,150.0
2019-01-01,20:23:32,20:48:42,2.4000000953674316,NaT,98.0,,
2017-01-01,07:25:04,07:43:16,3219.0,NaT,145.0,,
2020-01-01,10:21:21,11:26:50,10194.7998046875,NaT,522.0,,
2020-01-01,18:54:23,19:09:39,1683.5999755859375,NaT,127.0,,
2024-01-01,17:16:29,18:17:53,10378.7998046875,NaT,607.0,177.0,161.0
2022-01-01,12:59:53,15:45:18,10715.2001953125,NaT,911.0,139.0,103.0
2024-01-01,15:56:03,16:58:02,18809.5,NaT,342.0,162.0,145.0
2023-01-01,19:39:48,20:36:01,10369.599609375,NaT,556.0,178.0,163.0
2023-01-01,19:21:38,20:29:04,,NaT,519.0,151.0,132.0
2017-01-01,11:37:52,15:05:24,30894.900390625,03:27:30,1799.0,,
2015-01-01,08:25:29,10:26:10,35938.5,NaT,1141.0,178.0,155.0
2021-01-01,11:14:55,14:31:03,30042.69921875,NaT,1767.0,181.0,150.0
2025-01-01,17:31:43,18:14:04,7240.2998046875,NaT,401.0,177.0,159.0
2021-01-01,17:06:54,18:09:14,10360.2998046875,NaT,610.0,177.0,157.0
2025-01-01,17:09:48,17:43:47,,NaT,44.0,109.0,91.0
2021-01-01,18:22:21,19:15:28,9547.0,NaT,552.0,178.0,163.0
2017-01-01,09:18:01,10:49:54,14777.7998046875,NaT,838.0,,
2024-01-01,17:23:24,17:56:28,6370.7998046875,NaT,317.0,177.0,157.0
2023-01-01,10:30:38,11:25:26,10165.2998046875,NaT,578.0,181.0,170.0
2020-01-01,09:57:22,11:36:27,15053.400390625,NaT,898.0,,
2025-01-01,08:38:20,15:12:38,86334.3984375,NaT,1922.0,162.0,128.0
2023-01-01,19:53:44,20:07:21,,NaT,116.0,162.0,145.0
2019-01-01,19:32:07,19:53:00,3564.300048828125,00:20:01,172.0,,
2017-01-01,10:06:28,12:14:44,23156.900390625,NaT,1191.0,,
2021-01-01,07:33:19,08:25:44,9590.099609375,NaT,580.0,179.0,171.0
2017-01-01,11:25:55,12:17:32,7953.60009765625,NaT,467.0,,
2022-01-01,16:14:44,17:11:16,9690.2001953125,NaT,629.0,185.0,172.0
2019-01-01,10:30:12,11:12:03,7343.0,NaT,385.0,,
2017-01-01,08:37:12,08:49:00,1970.300048828125,NaT,67.0,,
2023-01-01,18:18:49,19:12:41,,NaT,447.0,157.0,140.0
2020-01-01,18:16:08,19:20:23,10541.2001953125,NaT,584.0,,
2022-01-01,14:27:44,14:59:40,5217.2998046875,NaT,342.0,185.0,166.0
2025-01-01,20:44:12,21:16:50,,NaT,211.0,151.0,120.0
2024-01-01,17:17:34,17:53:15,6020.2001953125,NaT,353.0,175.0,161.0
2022-01-01,19:25:02,20:51:07,13636.0,NaT,883.0,174.0,163.0
2023-01-01,09:16:05,10:44:16,15826.7001953125,NaT,944.0,181.0,168.0
2018-01-01,18:09:10,18:39:28,5027.39990234375,NaT,266.0,,
2021-01-01,20:32:21,21:05:35,1223.199951171875,NaT,253.0,148.0,132.0
2025-01-01,19:04:15,20:20:00,10840.0,NaT,545.0,184.0,159.0
2022-01-01,20:54:18,21:54:49,10349.599609375,NaT,629.0,178.0,165.0
2022-01-01,06:01:50,06:38:18,,NaT,141.0,116.0,96.0
2015-01-01,16:23:35,18:09:18,13897.900390625,NaT,1114.0,186.0,166.0
2021-01-01,17:26:00,18:19:35,9563.7001953125,NaT,543.0,183.0,160.0
2025-01-01,16:21:11,16:59:46,5415.7001953125,NaT,277.0,142.0,125.0
2023-01-01,19:26:40,19:57:18,,NaT,183.0,145.0,117.0
2023-01-01,20:10:57,20:41:05,,NaT,252.0,151.0,139.0
2018-01-01,16:03:36,17:50:07,16323.599609375,NaT,868.0,,
2020-01-01,15:40:58,16:29:36,8363.7998046875,NaT,452.0,,
2025-01-01,21:01:34,21:13:11,,NaT,80.0,141.0,125.0
2024-01-01,09:52:55,16:38:12,48168.5,NaT,1300.0,156.0,108.0
2024-01-01,16:16:29,17:03:09,8005.2998046875,NaT,404.0,171.0,153.0
2018-01-01,11:51:22,12:35:03,7377.7998046875,NaT,387.0,,
2023-01-01,19:48:42,20:51:48,10497.0,NaT,600.0,171.0,156.0
2018-01-01,09:11:06,09:19:19,1323.800048828125,00:08:13,54.0,,
2023-01-01,19:41:26,20:38:49,9983.400390625,NaT,541.0,167.0,153.0
2020-01-01,09:43:14,10:22:21,7096.89990234375,NaT,388.0,,
2023-01-01,18:35:01,19:20:30,7839.2998046875,NaT,476.0,192.0,168.0
2025-01-01,19:02:09,19:48:50,5458.39990234375,NaT,337.0,179.0,133.0
2022-01-01,15:05:11,17:53:39,6305.7001953125,NaT,726.0,165.0,127.0
2022-01-01,06:02:12,06:38:04,0.0,NaT,189.0,138.0,111.0
2025-01-01,11:21:54,13:14:11,,NaT,458.0,148.0,108.0
2024-01-01,06:31:02,07:31:15,19248.69921875,NaT,504.0,170.0,158.0
2017-01-01,06:53:49,08:04:59,51378.0,NaT,69.0,,
2022-01-01,17:41:39,20:06:17,10150.400390625,NaT,1025.0,171.0,129.0
2025-01-01,16:16:13,18:10:30,,NaT,187.0,130.0,109.0
2025-01-01,19:47:10,20:24:55,5435.2001953125,NaT,292.0,151.0,132.0
2020-01-01,16:52:37,17:53:31,10553.900390625,NaT,576.0,,
2018-01-01,15:21:26,16:03:50,1140.0999755859375,NaT,80.0,,
2022-01-01,16:41:46,18:59:34,16048.7001953125,NaT,1075.0,180.0,157.0
2021-01-01,17:59:30,18:35:45,5809.0,NaT,299.0,162.0,141.0
2023-01-01,15:53:11,16:36:11,1850.0,NaT,385.0,161.0,146.0
2023-01-01,16:49:46,17:40:48,8643.2001953125,NaT,500.0,177.0,160.0
2018-01-01,07:10:55,09:51:56,60191.30078125,NaT,875.0,,
2022-01-01,19:02:12,19:35:17,0.0,NaT,98.0,135.0,87.0
2015-01-01,10:10:44,11:33:30,3409.300048828125,NaT,275.0,165.0,142.0
2025-01-01,10:11:13,12:38:51,16195.099609375,NaT,1276.0,176.0,149.0
2025-01-01,16:13:28,18:21:39,,NaT,147.0,148.0,110.0
2017-01-01,10:33:20,11:22:55,8310.099609375,NaT,478.0,,
2015-01-01,19:42:55,21:17:26,9775.400390625,NaT,640.0,176.0,130.0
2025-01-01,19:44:00,20:17:19,5536.7998046875,NaT,304.0,166.0,151.0
2022-01-01,17:50:44,18:52:10,10412.0,NaT,641.0,180.0,164.0
2025-01-01,16:35:05,18:28:22,,NaT,138.0,124.0,102.0
2023-01-01,19:09:03,20:18:56,,NaT,193.0,151.0,135.0
2022-01-01,06:01:03,06:35:44,,NaT,159.0,124.0,103.0
2023-01-01,11:54:03,12:55:12,9636.099609375,NaT,519.0,182.0,159.0
2022-01-01,05:35:56,06:00:22,0.0,NaT,191.0,197.0,138.0
2023-01-01,10:15:30,11:30:41,,NaT,596.0,147.0,134.0
2023-01-01,17:48:03,18:45:42,9507.7998046875,NaT,533.0,171.0,154.0
2019-01-01,09:41:44,10:19:57,6782.60009765625,NaT,336.0,,
2022-01-01,13:21:16,16:01:32,22599.900390625,NaT,1270.0,177.0,142.0
2023-01-01,08:41:44,14:55:44,10091.2998046875,NaT,2361.0,161.0,125.0
2016-01-01,11:33:41,12:20:30,8176.39990234375,NaT,479.0,,
2024-01-01,09:58:05,14:10:58,6748.10009765625,NaT,1892.0,171.0,137.0
2025-01-01,17:28:57,18:33:49,9329.900390625,NaT,521.0,171.0,143.0
2023-01-01,17:37:30,18:57:46,,NaT,278.0,135.0,98.0
2024-01-01,18:27:18,19:10:52,7430.10009765625,NaT,409.0,170.0,154.0
2019-01-01,19:43:40,20:46:08,11137.400390625,01:02:20,593.0,,
2022-01-01,20:32:31,21:20:51,8384.2001953125,NaT,492.0,174.0,162.0
2024-01-01,16:04:15,16:46:44,19250.80078125,NaT,357.0,169.0,149.0
2022-01-01,06:00:05,06:37:04,,NaT,239.0,164.0,128.0
2020-01-01,19:08:56,19:25:11,1634.699951171875,00:16:10,105.0,,
2023-01-01,06:23:24,06:59:40,16063.0,NaT,328.0,175.0,157.0
2019-01-01,11:20:03,12:35:28,12405.400390625,NaT,673.0,,
2023-01-01,09:52:01,14:54:03,11297.5,NaT,1663.0,149.0,109.0
2023-01-01,17:21:59,18:14:37,9153.400390625,NaT,505.0,174.0,161.0
2024-01-01,16:46:58,17:35:04,18988.80078125,NaT,387.0,166.0,141.0
2021-01-01,21:00:00,21:10:00,,00:10:00,,,
2019-01-01,19:58:27,20:20:45,1.0,NaT,89.0,,
2021-01-01,07:00:46,08:00:46,,01:00:00,,,
2019-01-01,09:40:32,10:03:32,4526.0,00:22:17,202.0,,
2020-01-01,06:22:29,07:02:27,6653.2001953125,00:39:57,430.0,,
2022-01-01,12:13:48,13:25:37,11169.0,NaT,816.0,190.0,177.0
2023-01-01,19:15:06,19:34:44,784.7000122070312,NaT,146.0,151.0,134.0
2025-01-01,18:31:15,19:00:02,,NaT,168.0,147.0,114.0
2023-01-01,17:41:34,18:24:19,6686.89990234375,NaT,394.0,182.0,154.0
2021-01-01,16:42:31,17:42:23,,NaT,335.0,182.0,114.0
2023-01-01,14:00:09,14:22:57,794.7000122070312,NaT,135.0,156.0,121.0
2022-01-01,16:29:03,18:29:12,20255.400390625,NaT,1120.0,167.0,151.0
2023-01-01,16:37:37,17:15:39,1425.0,NaT,272.0,150.0,127.0
2015-01-01,19:50:20,21:18:26,9173.2001953125,NaT,842.0,181.0,158.0
2024-01-01,12:51:42,13:28:55,6329.10009765625,NaT,335.0,170.0,150.0
2025-01-01,17:03:10,18:00:30,8872.099609375,NaT,566.0,176.0,162.0
2025-01-01,20:56:36,21:27:28,,NaT,157.0,137.0,107.0
2025-01-01,13:22:49,15:11:50,33319.0,NaT,842.0,168.0,145.0
2025-01-01,16:15:34,18:06:45,,NaT,141.0,157.0,103.0
2021-01-01,19:03:14,20:03:28,9526.7001953125,NaT,546.0,167.0,147.0
2023-01-01,18:57:37,19:28:39,,NaT,187.0,159.0,120.0
2025-01-01,11:08:00,11:48:33,5595.2001953125,NaT,293.0,174.0,159.0
2021-01-01,11:45:48,12:38:24,9657.900390625,NaT,581.0,181.0,169.0
2025-01-01,17:47:09,18:04:12,,NaT,40.0,98.0,87.0
2015-01-01,16:57:29,17:50:38,9215.400390625,NaT,610.0,187.0,174.0
2021-01-01,18:00:00,18:15:00,,00:15:00,,,
2019-01-01,09:35:00,09:58:03,4114.2001953125,NaT,174.0,,
2025-01-01,16:16:55,18:45:19,,NaT,124.0,139.0,109.0
2018-01-01,09:08:37,09:54:21,7287.89990234375,NaT,369.0,,
2023-01-01,18:54:57,20:25:03,,NaT,735.0,152.0,137.0
2023-01-01,16:58:04,17:51:13,,NaT,359.0,133.0,120.0
2024-01-01,16:50:07,17:45:17,9605.599609375,NaT,534.0,174.0,160.0
2023-01-01,18:47:19,19:09:13,,NaT,172.0,166.0,138.0
2021-01-01,09:36:12,17:16:57,71042.296875,NaT,1787.0,167.0,107.0
2024-01-01,19:05:37,20:09:08,9609.7001953125,NaT,504.0,193.0,161.0
2015-01-01,19:03:33,20:28:05,8300.7998046875,NaT,784.0,189.0,153.0
2021-01-01,07:53:18,08:53:56,10380.099609375,NaT,623.0,178.0,162.0
2021-01-01,15:05:38,16:13:59,10807.2998046875,NaT,725.0,183.0,165.0
2024-01-01,17:25:04,18:00:18,6293.0,NaT,327.0,170.0,153.0
2020-01-01,08:37:43,09:17:53,6591.5,NaT,400.0,,
2025-01-01,15:52:49,16:07:32,3669.89990234375,NaT,104.0,162.0,131.0
2023-01-01,19:41:56,20:38:07,10373.7998046875,NaT,594.0,180.0,167.0
2024-01-01,10:59:59,12:02:42,,NaT,535.0,175.0,148.0
2016-01-01,05:03:49,06:33:51,36697.0,01:30:02,392.0,,
2022-01-01,14:33:36,15:31:43,9714.2998046875,NaT,580.0,175.0,161.0
2018-01-01,08:05:38,08:56:24,8769.2001953125,NaT,450.0,,
2018-01-01,08:25:37,09:00:57,5553.7998046875,NaT,282.0,,
2023-01-01,07:21:27,07:54:11,6237.7001953125,NaT,330.0,180.0,167.0
2024-01-01,12:41:13,12:52:27,2118.89990234375,NaT,79.0,141.0,128.0
2022-01-01,15:19:01,16:36:25,12800.900390625,NaT,789.0,180.0,166.0
2022-01-01,16:38:57,17:35:09,10007.599609375,NaT,562.0,175.0,160.0
2025-01-01,17:30:12,18:00:40,5245.10009765625,NaT,286.0,171.0,155.0
2023-01-01,18:44:24,20:06:36,14643.400390625,NaT,847.0,176.0,159.0
2024-01-01,09:56:36,10:45:18,9647.599609375,NaT,324.0,165.0,126.0
2024-01-01,18:13:09,19:18:43,6813.7998046875,NaT,363.0,182.0,159.0
2023-01-01,19:33:41,20:02:32,5574.10009765625,NaT,286.0,177.0,162.0
2022-01-01,20:07:09,21:10:14,9549.0,NaT,559.0,183.0,166.0
2020-01-01,12:27:10,13:05:32,6653.7998046875,NaT,376.0,,
2023-01-01,18:04:35,19:05:42,,NaT,418.0,165.0,131.0
2022-01-01,09:47:34,14:23:55,13537.400390625,NaT,1226.0,141.0,107.0
2024-01-01,19:02:49,20:20:06,9279.2998046875,NaT,546.0,185.0,166.0
2023-01-01,16:56:13,17:51:07,10367.900390625,NaT,554.0,184.0,161.0
2025-01-01,17:43:44,19:06:03,13738.2001953125,NaT,784.0,177.0,157.0
2024-01-01,11:03:18,12:14:53,14652.7998046875,NaT,349.0,144.0,105.0
2022-01-01,19:25:22,20:26:26,9870.7001953125,NaT,562.0,180.0,163.0
2023-01-01,18:21:53,19:18:56,10401.5,NaT,559.0,170.0,158.0
2023-01-01,20:00:12,20:51:12,7106.10009765625,NaT,435.0,173.0,144.0
2022-01-01,14:54:51,16:04:30,12061.7998046875,NaT,721.0,179.0,164.0
2025-01-01,16:20:53,18:20:05,,NaT,277.0,154.0,118.0
2021-01-01,18:50:47,18:53:34,0.0,NaT,11.0,110.0,101.0
2015-01-01,07:38:30,08:09:29,3554.0,NaT,299.0,175.0,157.0
2024-01-01,13:30:59,15:21:38,1033.699951171875,NaT,504.0,140.0,103.0
2022-01-01,06:57:56,11:41:03,32990.80078125,NaT,2332.0,174.0,143.0
2021-01-01,20:53:56,21:27:10,6267.5,NaT,351.0,177.0,165.0
2020-01-01,08:08:14,08:47:44,6621.39990234375,NaT,418.0,,
2025-01-01,16:57:37,17:44:47,6873.7998046875,NaT,360.0,170.0,151.0
2025-01-01,18:08:07,19:31:56,,NaT,435.0,153.0,112.0
2023-01-01,19:45:39,20:41:02,9634.2998046875,NaT,580.0,177.0,163.0
2025-01-01,11:43:09,14:51:09,7875.2998046875,NaT,994.0,153.0,114.0
2022-01-01,17:17:52,18:14:12,10445.0,NaT,613.0,187.0,172.0
2024-01-01,15:45:46,16:55:25,8725.2001953125,NaT,538.0,167.0,145.0
2018-01-01,13:55:59,14:29:04,6.0,NaT,94.0,,
2017-01-01,09:02:37,09:13:09,778.5999755859375,NaT,28.0,,
2017-01-01,09:12:28,11:05:21,35185.80078125,NaT,456.0,,
2023-01-01,11:14:56,12:04:57,7721.7001953125,NaT,492.0,176.0,167.0
2021-01-01,17:14:26,17:55:04,6430.0,NaT,341.0,161.0,141.0
2025-01-01,08:19:13,12:59:17,4221.39990234375,NaT,1287.0,151.0,115.0
2022-01-01,17:10:00,17:50:00,,00:40:00,,,
2025-01-01,16:12:36,17:49:59,,NaT,147.0,136.0,112.0
2022-01-01,19:40:18,20:41:49,10328.599609375,NaT,645.0,177.0,166.0
2024-01-01,17:24:01,18:24:57,4312.2998046875,NaT,322.0,118.0,103.0
2024-01-01,07:57:20,08:54:34,9616.0,NaT,575.0,178.0,163.0
2024-01-01,16:31:13,17:11:28,18886.099609375,NaT,333.0,167.0,147.0
2021-01-01,20:29:48,21:15:06,,NaT,182.0,156.0,100.0
2022-01-01,09:18:36,10:17:02,8774.599609375,NaT,521.0,167.0,150.0
2021-01-01,12:02:35,12:51:12,8792.7001953125,NaT,535.0,187.0,171.0
2022-01-01,17:09:21,18:07:35,10356.099609375,NaT,600.0,177.0,164.0
2022-01-01,19:36:41,20:34:15,10381.5,NaT,596.0,176.0,164.0
2022-01-01,08:50:28,10:13:00,,NaT,287.0,132.0,95.0
2019-01-01,12:45:10,13:25:05,7106.2001953125,NaT,349.0,,
2017-01-01,08:36:19,10:42:07,20744.80078125,NaT,1209.0,,
2023-01-01,14:37:38,15:29:28,8821.2998046875,NaT,531.0,182.0,167.0
2022-01-01,19:49:20,20:19:54,,NaT,253.0,168.0,146.0
2022-01-01,11:57:04,13:03:40,8025.2001953125,NaT,661.0,178.0,159.0
2021-01-01,13:55:14,14:55:14,,01:00:00,,,
2015-01-01,20:12:43,20:41:38,5284.0,NaT,285.0,,
2025-01-01,20:19:18,20:44:35,,NaT,111.0,123.0,100.0
2019-01-01,17:38:13,18:09:42,,NaT,177.0,,
2024-01-01,20:00:36,21:00:36,,01:00:00,,,
2017-01-01,11:32:04,12:24:38,8279.599609375,00:52:33,519.0,,
2024-01-01,19:09:00,20:00:03,8277.2998046875,NaT,461.0,176.0,157.0
2017-01-01,09:22:27,09:24:13,0.0,NaT,2.0,,
2023-01-01,07:40:44,09:10:58,1615.699951171875,NaT,680.0,144.0,129.0
2024-01-01,16:12:46,17:23:23,12058.400390625,NaT,702.0,176.0,161.0
2020-01-01,18:37:29,18:53:03,1670.0999755859375,NaT,115.0,,
2015-01-01,11:51:35,12:50:44,9733.2001953125,NaT,696.0,186.0,176.0
2022-01-01,18:11:11,19:18:33,5756.2998046875,NaT,647.0,178.0,156.0
2023-01-01,19:00:50,20:02:00,9499.900390625,NaT,511.0,169.0,151.0
2016-01-01,10:40:06,12:55:21,21487.30078125,NaT,1256.0,,
2022-01-01,08:02:43,08:46:42,,NaT,281.0,156.0,122.0
2022-01-01,08:00:55,08:33:06,,NaT,145.0,126.0,102.0
2021-01-01,20:41:02,21:02:20,,NaT,37.0,99.0,76.0
2021-01-01,07:57:23,08:37:35,6371.7998046875,NaT,358.0,184.0,151.0
2023-01-01,17:41:32,18:28:13,5134.89990234375,NaT,443.0,175.0,156.0
2023-01-01,17:36:42,18:38:33,10409.900390625,NaT,599.0,173.0,158.0
2024-01-01,08:29:31,10:08:46,9494.7998046875,NaT,693.0,162.0,128.0
2023-01-01,16:40:06,18:02:11,,NaT,284.0,147.0,103.0
2023-01-01,18:19:41,19:06:40,4572.5,NaT,372.0,167.0,138.0
2023-01-01,06:03:08,06:29:50,,NaT,169.0,157.0,121.0
2023-01-01,16:59:30,17:36:09,6271.7998046875,NaT,351.0,177.0,156.0
2017-01-01,11:33:03,12:22:55,8317.5,NaT,478.0,,
2024-01-01,15:02:42,17:23:27,3356.89990234375,NaT,742.0,155.0,109.0
2024-01-01,17:37:38,18:19:49,,NaT,251.0,154.0,142.0
2023-01-01,17:05:22,18:00:41,10348.2001953125,NaT,575.0,181.0,167.0
2023-01-01,13:13:21,15:13:30,,NaT,852.0,142.0,124.0
2022-01-01,19:06:20,19:45:26,0.0,NaT,293.0,162.0,133.0
2022-01-01,18:29:09,19:07:07,0.0,NaT,290.0,172.0,136.0
2025-01-01,07:59:48,12:10:37,23803.599609375,NaT,2473.0,176.0,161.0
2019-01-01,16:03:21,16:31:32,,NaT,203.0,,
2024-01-01,19:08:17,20:22:16,10242.2001953125,NaT,581.0,190.0,166.0
2021-01-01,07:14:41,08:09:24,9587.2001953125,NaT,544.0,182.0,157.0
2024-01-01,14:36:23,17:27:48,16611.099609375,NaT,494.0,145.0,115.0
2024-01-01,16:49:18,17:46:57,10458.2998046875,NaT,588.0,181.0,165.0
2022-01-01,21:24:00,00:00:40,5132.7998046875,NaT,670.0,149.0,110.0
2022-01-01,13:39:46,14:15:30,1475.0,NaT,268.0,150.0,129.0
2022-01-01,10:55:49,12:26:45,14525.400390625,NaT,905.0,177.0,159.0
2018-01-01,15:42:34,16:31:27,,NaT,146.0,,
2022-01-01,20:34:21,21:29:32,9239.7001953125,NaT,543.0,175.0,158.0
2018-01-01,18:08:46,18:08:59,,NaT,1.0,,
2015-01-01,19:58:43,20:48:18,7375.0,NaT,453.0,173.0,153.0
2021-01-01,18:03:32,18:35:25,4955.39990234375,NaT,262.0,166.0,141.0
2020-01-01,09:38:19,10:49:29,11201.2998046875,NaT,621.0,,
2021-01-01,08:57:49,10:18:26,,NaT,240.0,122.0,85.0
2021-01-01,09:19:11,10:24:39,,NaT,260.0,138.0,100.0
2024-01-01,12:17:18,12:28:44,227.1000061035156,NaT,59.0,135.0,108.0
2022-01-01,07:29:36,10:49:09,32468.80078125,NaT,812.0,163.0,118.0
2022-01-01,09:42:28,10:51:17,10773.900390625,NaT,467.0,174.0,127.0
2022-01-01,22:13:16,23:15:11,9932.7998046875,NaT,606.0,170.0,157.0
2015-01-01,20:29:26,21:08:20,4453.89990234375,NaT,349.0,183.0,152.0
2021-01-01,14:38:47,15:16:25,13545.7998046875,NaT,312.0,166.0,150.0
2018-01-01,08:01:12,09:00:16,10109.7998046875,00:58:46,641.0,,
2023-01-01,19:14:16,20:02:14,7668.7998046875,NaT,441.0,171.0,156.0
2023-01-01,11:25:44,13:04:37,38109.30078125,NaT,819.0,177.0,150.0
2025-01-01,19:32:38,20:08:51,1020.0,NaT,227.0,146.0,117.0
2023-01-01,06:27:26,07:08:04,16184.099609375,NaT,312.0,163.0,142.0
2024-01-01,18:50:19,19:27:08,6388.60009765625,NaT,349.0,172.0,156.0
2021-01-01,17:02:07,17:40:55,6536.7998046875,NaT,330.0,159.0,142.0
2022-01-01,10:30:16,12:36:08,21397.900390625,NaT,1377.0,192.0,179.0
2020-01-01,10:39:18,11:18:56,6685.7998046875,NaT,385.0,,
2022-01-01,07:39:04,07:53:09,,NaT,100.0,153.0,126.0
2021-01-01,18:38:24,18:48:26,0.0,NaT,27.0,116.0,87.0
2025-01-01,18:06:43,18:29:11,141.39999389648438,NaT,170.0,166.0,139.0
2022-01-01,06:01:24,06:36:07,,NaT,176.0,153.0,109.0
2023-01-01,18:00:49,20:50:09,4216.2998046875,NaT,1019.0,179.0,148.0
2022-01-01,15:56:03,16:36:17,1875.0,NaT,328.0,153.0,135.0
2024-01-01,08:30:04,09:07:19,6399.60009765625,NaT,353.0,174.0,156.0
2022-01-01,10:38:31,11:15:45,0.0,NaT,293.0,167.0,138.0
2021-01-01,10:30:48,11:10:48,,00:40:00,,,
2017-01-01,08:50:32,09:10:43,2777.199951171875,NaT,190.0,,
2025-01-01,09:10:08,16:40:01,30486.19921875,NaT,3832.0,170.0,144.0
2016-01-01,17:57:40,19:57:04,37849.19921875,NaT,459.0,,
2024-01-01,06:31:22,07:22:56,19243.599609375,NaT,460.0,170.0,156.0
2021-01-01,08:40:01,09:15:53,6381.0,NaT,377.0,178.0,165.0
2023-01-01,20:07:16,20:28:11,,NaT,151.0,159.0,128.0
2015-01-01,11:16:25,12:17:32,10308.099609375,NaT,662.0,182.0,170.0
2018-01-01,08:34:53,09:09:18,6042.7001953125,NaT,337.0,,
2025-01-01,08:34:12,13:10:51,12362.5,NaT,1450.0,147.0,112.0
2017-01-01,13:04:02,16:16:13,34641.3984375,NaT,546.0,,
2021-01-01,20:02:42,20:43:52,6013.2998046875,NaT,374.0,169.0,147.0
2024-01-01,19:44:35,21:34:46,8462.5,NaT,925.0,180.0,154.0
2025-01-01,18:18:29,19:11:08,9011.900390625,NaT,534.0,177.0,164.0
2015-01-01,19:40:04,20:24:15,6813.39990234375,NaT,429.0,171.0,158.0
2025-01-01,19:03:22,20:15:08,10850.2001953125,NaT,600.0,185.0,162.0
2018-01-01,10:16:34,10:59:47,7310.2001953125,NaT,412.0,,
2025-01-01,05:17:31,05:57:48,7289.60009765625,NaT,385.0,173.0,157.0
2022-01-01,19:28:25,20:02:32,,NaT,95.0,111.0,85.0
2025-01-01,09:41:18,12:37:51,5822.39990234375,NaT,1253.0,165.0,137.0
2025-01-01,21:45:17,22:40:27,20774.69921875,NaT,494.0,168.0,156.0
2017-01-01,10:15:16,11:37:15,4421.0,NaT,452.0,,
2021-01-01,08:03:57,09:10:41,6891.2998046875,NaT,649.0,179.0,156.0
2019-01-01,19:39:01,20:18:12,6656.60009765625,NaT,347.0,,
2015-01-01,09:50:30,12:22:30,20318.69921875,NaT,1276.0,165.0,146.0
2025-01-01,18:23:29,19:10:21,6941.5,NaT,412.0,179.0,150.0
2021-01-01,10:35:29,11:33:48,10011.2998046875,NaT,583.0,173.0,159.0
2022-01-01,15:49:08,17:21:06,8853.0,NaT,885.0,182.0,162.0
2025-01-01,17:24:16,18:15:31,5905.89990234375,NaT,340.0,173.0,140.0
2023-01-01,20:47:33,21:14:05,,NaT,206.0,162.0,133.0
2023-01-01,12:11:13,13:25:44,9416.400390625,NaT,711.0,189.0,174.0
2023-01-01,05:48:41,06:06:59,,NaT,87.0,129.0,108.0
2023-01-01,20:34:36,20:54:35,,NaT,122.0,151.0,117.0
2022-01-01,19:25:58,20:21:22,9716.099609375,NaT,557.0,176.0,161.0
2025-01-01,16:09:45,18:25:48,,NaT,201.0,139.0,113.0
2020-01-01,18:54:59,19:15:34,3507.300048828125,NaT,180.0,,
2023-01-01,17:02:40,17:54:56,9497.5,NaT,535.0,174.0,162.0
2017-01-01,11:35:27,12:35:34,9395.7001953125,NaT,530.0,,
2025-01-01,05:19:18,06:09:09,7106.0,NaT,435.0,165.0,146.0
2024-01-01,16:07:51,16:51:52,1730.699951171875,NaT,290.0,148.0,122.0
2023-01-01,16:17:31,16:54:39,16084.2998046875,NaT,319.0,170.0,152.0
2022-01-01,18:51:43,20:00:16,8537.0,NaT,605.0,167.0,152.0
2018-01-01,07:18:42,07:26:19,1226.800048828125,NaT,39.0,,
2022-01-01,19:02:46,19:52:08,0.0,NaT,349.0,171.0,128.0
2023-01-01,08:11:23,17:39:53,12784.7001953125,NaT,4314.0,171.0,135.0
2022-01-01,19:27:01,20:20:52,9586.5,NaT,554.0,181.0,164.0
2021-01-01,08:24:14,09:34:26,10803.7998046875,NaT,576.0,166.0,138.0
2022-01-01,08:36:52,09:06:27,,NaT,157.0,144.0,119.0
2022-01-01,06:00:39,06:34:16,,NaT,125.0,114.0,93.0
2023-01-01,14:43:37,15:30:03,8467.900390625,NaT,406.0,172.0,153.0
2025-01-01,15:38:44,17:56:50,,NaT,289.0,135.0,101.0
2016-01-01,11:33:53,12:19:20,5520.60009765625,NaT,412.0,,
2017-01-01,09:48:54,10:27:22,4382.2001953125,NaT,315.0,,
2024-01-01,08:57:41,11:13:13,40249.5,NaT,941.0,154.0,126.0
2022-01-01,13:45:53,15:00:45,0.0,NaT,217.0,124.0,89.0
2018-01-01,08:02:19,14:11:23,9984.2001953125,NaT,662.0,,
2023-01-01,08:19:04,08:36:42,797.9000244140625,NaT,142.0,160.0,143.0
2022-01-01,09:55:54,17:09:23,12593.900390625,NaT,3165.0,179.0,132.0
2025-01-01,16:24:44,16:39:57,45.400001525878906,NaT,101.0,150.0,126.0
2015-01-01,16:04:11,16:59:17,7399.0,NaT,521.0,175.0,155.0
2019-01-01,19:55:22,20:34:23,6157.7001953125,NaT,332.0,,
2023-01-01,12:23:15,13:41:09,11649.0,NaT,773.0,180.0,159.0
2021-01-01,19:51:42,20:26:24,6014.89990234375,NaT,371.0,178.0,167.0
2022-01-01,20:53:04,21:27:44,,NaT,140.0,120.0,98.0
2022-01-01,20:55:23,21:52:07,10404.7001953125,NaT,580.0,175.0,162.0
2021-01-01,11:55:56,12:56:08,0.0,NaT,315.0,142.0,111.0
2021-01-01,17:13:18,18:13:58,0.0,NaT,391.0,192.0,123.0
2023-01-01,17:50:00,18:38:41,950.0,NaT,259.0,148.0,109.0
2018-01-01,10:52:37,11:44:19,8945.2001953125,NaT,477.0,,
2021-01-01,07:16:37,08:01:44,6637.5,NaT,380.0,162.0,143.0
2023-01-01,19:00:52,19:52:13,7923.0,NaT,460.0,182.0,149.0
2024-01-01,06:46:27,07:39:28,19240.69921875,NaT,458.0,164.0,150.0
2025-01-01,10:57:06,11:45:25,5906.2998046875,NaT,424.0,170.0,148.0
2019-01-01,16:58:11,17:14:06,2178.89990234375,NaT,90.0,,
2023-01-01,19:24:36,20:56:48,9243.400390625,NaT,895.0,181.0,158.0
2021-01-01,20:04:45,21:14:51,5508.2998046875,NaT,515.0,173.0,128.0
2020-01-01,16:33:10,17:12:26,6640.2001953125,NaT,358.0,,
2024-01-01,16:17:21,18:06:11,24412.5,NaT,664.0,172.0,146.0
2022-01-01,19:01:24,19:37:20,,NaT,243.0,160.0,125.0
2022-01-01,10:59:29,14:05:59,8869.5,NaT,1089.0,153.0,110.0
2023-01-01,19:25:10,20:03:30,6178.7998046875,NaT,318.0,173.0,155.0
2023-01-01,07:06:40,07:52:02,7780.5,NaT,468.0,177.0,166.0
2022-01-01,09:56:35,10:45:12,7861.60009765625,NaT,440.0,181.0,161.0
2018-01-01,14:08:59,15:23:26,10715.5,NaT,657.0,,
2022-01-01,06:01:21,06:39:12,,NaT,289.0,159.0,134.0
2017-01-01,11:25:37,12:24:17,9391.2998046875,NaT,548.0,,
2023-01-01,19:04:56,19:35:53,,NaT,196.0,160.0,122.0
2025-01-01,19:51:15,20:23:55,5389.39990234375,NaT,286.0,163.0,147.0
2019-01-01,18:51:18,19:07:17,2125.300048828125,NaT,93.0,,
2023-01-01,14:29:31,14:44:18,200.0,NaT,85.0,155.0,128.0
2023-01-01,19:57:04,20:41:38,8647.599609375,NaT,441.0,187.0,160.0
2023-01-01,21:42:03,22:34:08,9606.5,NaT,546.0,179.0,166.0
2023-01-01,17:23:26,18:22:09,10398.599609375,NaT,582.0,173.0,159.0
2018-01-01,13:05:37,15:10:43,19532.400390625,NaT,1069.0,,
2025-01-01,16:12:48,17:07:42,8970.7001953125,NaT,543.0,178.0,161.0
2017-01-01,17:00:26,17:45:09,7656.2001953125,NaT,431.0,,
2021-01-01,20:50:00,21:50:00,,01:00:00,,,
2022-01-01,20:11:04,20:52:32,1650.0,NaT,339.0,161.0,138.0
2020-01-01,15:48:46,16:59:59,11134.400390625,NaT,613.0,,
2024-01-01,18:40:18,19:17:01,6314.5,NaT,355.0,182.0,159.0
2021-01-01,11:15:26,12:36:01,14039.0,NaT,846.0,183.0,164.0
2022-01-01,19:21:33,19:52:08,0.0,NaT,224.0,146.0,128.0
2025-01-01,09:56:38,14:07:32,9571.2001953125,NaT,1249.0,140.0,103.0
2023-01-01,10:02:59,13:40:42,8771.2998046875,NaT,1090.0,130.0,101.0
2023-01-01,14:46:06,14:58:39,249.1000061035156,NaT,93.0,159.0,136.0
2017-01-01,11:33:57,12:32:06,9404.7001953125,NaT,544.0,,
2017-01-01,11:32:48,12:25:05,8240.599609375,NaT,453.0,,
2021-01-01,19:45:23,20:13:49,0.0,NaT,49.0,108.0,79.0
2022-01-01,11:47:25,12:48:02,10413.7001953125,NaT,651.0,183.0,169.0
2025-01-01,19:57:21,20:30:08,5402.89990234375,NaT,295.0,178.0,150.0
2020-01-01,17:34:02,17:43:16,1083.199951171875,NaT,71.0,,
2022-01-01,19:03:05,19:47:29,0.0,NaT,264.0,185.0,117.0
2023-01-01,18:29:38,19:27:22,10336.599609375,NaT,575.0,176.0,164.0
2022-01-01,18:38:48,19:37:27,9613.2001953125,NaT,622.0,181.0,170.0
2022-01-01,10:41:51,11:12:19,,NaT,213.0,170.0,128.0
2022-01-01,16:54:41,17:56:05,10419.7998046875,NaT,601.0,174.0,158.0
2023-01-01,19:26:44,20:41:53,,NaT,615.0,150.0,137.0
2025-01-01,16:52:31,17:52:52,6289.2001953125,NaT,331.0,165.0,144.0
2018-01-01,10:32:31,11:24:02,8884.7001953125,NaT,466.0,,
2023-01-01,19:52:19,20:13:11,,NaT,89.0,114.0,96.0
2017-01-01,11:34:16,12:33:06,9356.400390625,NaT,575.0,,
2020-01-01,07:46:11,08:25:34,6608.5,NaT,381.0,,
2024-01-01,06:29:18,07:22:01,19229.5,NaT,491.0,171.0,156.0
2022-01-01,08:33:24,10:51:41,15530.2001953125,NaT,1047.0,170.0,143.0
2022-01-01,06:01:48,06:39:02,,NaT,192.0,126.0,108.0
2024-01-01,16:54:33,17:22:04,,NaT,152.0,141.0,110.0
2023-01-01,16:44:46,18:33:24,12670.7001953125,NaT,1015.0,174.0,154.0
2019-01-01,09:47:44,10:11:59,4473.0,NaT,224.0,,
2024-01-01,17:24:23,18:02:14,6337.60009765625,NaT,378.0,179.0,165.0
2018-01-01,10:58:04,12:04:47,10850.2998046875,NaT,583.0,,
2023-01-01,18:54:05,19:54:12,,NaT,481.0,149.0,135.0
2022-01-01,16:53:09,17:30:08,1700.0,NaT,294.0,162.0,136.0
2022-01-01,09:20:18,10:27:53,10131.7001953125,NaT,606.0,165.0,150.0
2023-01-01,17:52:20,18:50:57,6394.7001953125,NaT,566.0,181.0,158.0
2019-01-01,08:28:02,08:44:12,1657.4000244140625,NaT,98.0,,
2022-01-01,19:59:00,20:55:49,10368.0,NaT,593.0,181.0,165.0
2023-01-01,09:07:40,10:39:34,31185.69921875,NaT,772.0,174.0,157.0
2019-01-01,20:20:29,20:42:37,,NaT,49.0,,
2021-01-01,17:40:50,18:35:26,9577.2998046875,NaT,581.0,180.0,166.0
2021-01-01,17:14:14,18:24:39,10599.900390625,NaT,690.0,175.0,156.0
2023-01-01,19:57:55,20:17:57,,NaT,150.0,157.0,134.0
2023-01-01,06:23:28,07:02:15,16121.099609375,NaT,318.0,169.0,152.0
2023-01-01,19:16:15,19:48:30,6168.60009765625,NaT,360.0,187.0,176.0
2023-01-01,06:13:21,07:05:46,9152.099609375,NaT,510.0,178.0,157.0
2021-01-01,07:05:30,08:03:56,,NaT,354.0,161.0,122.0
2017-01-01,12:47:03,13:02:16,2624.39990234375,NaT,89.0,,
2024-01-01,18:23:35,19:22:58,9148.5,NaT,467.0,158.0,135.0
2021-01-01,16:59:58,18:16:33,10770.7001953125,NaT,762.0,181.0,156.0
2018-01-01,16:00:07,17:20:14,12383.7001953125,NaT,667.0,,
2024-01-01,08:37:28,11:56:15,12681.2998046875,NaT,1019.0,136.0,102.0
2022-01-01,20:05:57,20:50:12,7905.2001953125,NaT,445.0,185.0,161.0
2025-01-01,17:30:03,19:10:08,16510.099609375,NaT,985.0,179.0,160.0
2023-01-01,06:27:48,07:03:10,16162.0,NaT,315.0,174.0,155.0
2023-01-01,18:52:29,19:36:59,7794.89990234375,NaT,439.0,174.0,160.0
2021-01-01,18:25:05,19:39:54,,NaT,310.0,146.0,111.0
2024-01-01,09:17:18,11:49:53,20151.5,NaT,1378.0,174.0,150.0
2022-01-01,19:24:09,21:38:26,20033.900390625,NaT,1199.0,175.0,161.0
2022-01-01,11:31:10,12:27:41,9592.400390625,NaT,606.0,181.0,169.0
2022-01-01,19:59:17,20:38:13,6298.7998046875,NaT,388.0,168.0,159.0
2024-01-01,17:19:16,18:42:55,12509.400390625,NaT,668.0,169.0,148.0
2023-01-01,16:38:12,17:21:32,16159.7998046875,NaT,314.0,165.0,138.0
2022-01-01,07:27:17,07:47:13,,NaT,93.0,126.0,106.0
2024-01-01,08:32:56,09:06:43,6050.7998046875,NaT,331.0,173.0,159.0
2022-01-01,19:13:05,20:27:59,11017.900390625,NaT,753.0,179.0,160.0
2019-01-01,17:19:39,17:52:22,,00:32:12,203.0,,
2023-01-01,07:49:40,08:19:11,995.4000244140624,NaT,225.0,159.0,141.0
2019-01-01,17:28:28,19:15:02,17896.5,NaT,950.0,,
2017-01-01,07:16:34,07:23:54,1111.5999755859375,NaT,52.0,,
2023-01-01,06:03:55,06:36:34,6285.60009765625,NaT,333.0,179.0,163.0
2022-01-01,18:49:35,19:49:36,10330.7001953125,NaT,615.0,181.0,163.0
2024-01-01,17:57:07,18:36:28,6309.5,NaT,323.0,161.0,139.0
2022-01-01,12:50:19,13:57:28,9661.2001953125,NaT,555.0,187.0,164.0
2020-01-01,17:05:22,17:43:43,6843.10009765625,NaT,380.0,,
2020-01-01,19:56:56,20:35:47,6665.10009765625,NaT,372.0,,
2023-01-01,07:21:48,08:12:17,9040.400390625,NaT,492.0,172.0,159.0
2023-01-01,12:55:41,14:07:18,12819.2998046875,NaT,730.0,173.0,162.0
2024-01-01,20:08:16,20:44:51,6325.39990234375,NaT,348.0,173.0,156.0
2022-01-01,16:48:49,18:22:08,11875.7998046875,NaT,715.0,178.0,147.0
2022-01-01,17:31:05,18:29:56,9650.2998046875,NaT,579.0,176.0,157.0
2025-01-01,16:07:28,16:42:21,6286.10009765625,NaT,334.0,172.0,157.0
2023-01-01,19:20:07,19:47:49,363.1000061035156,NaT,195.0,152.0,127.0
2023-01-01,11:15:57,12:11:37,10421.7001953125,NaT,601.0,183.0,170.0
2024-01-01,16:11:39,16:46:23,6254.89990234375,NaT,339.0,175.0,159.0
2021-01-01,15:41:40,17:11:50,13632.2001953125,NaT,774.0,164.0,146.0
2017-01-01,11:35:04,12:27:22,9493.7001953125,00:52:17,473.0,,
2022-01-01,09:19:36,11:10:09,11819.7998046875,NaT,954.0,173.0,156.0
2022-01-01,06:01:13,06:35:48,,NaT,181.0,136.0,108.0
2024-01-01,17:55:15,18:42:49,7493.2001953125,NaT,452.0,170.0,156.0
2022-01-01,12:24:31,13:18:56,9531.099609375,NaT,590.0,181.0,168.0
2023-01-01,15:09:17,16:07:50,10369.2001953125,NaT,613.0,176.0,166.0
2015-01-01,17:45:35,18:55:43,7303.0,NaT,519.0,165.0,135.0
2022-01-01,11:36:56,12:47:42,12096.7998046875,NaT,731.0,188.0,173.0
2021-01-01,14:22:19,15:59:55,,NaT,226.0,119.0,81.0
2020-01-01,18:25:19,19:20:30,8981.0,NaT,486.0,,
2025-01-01,19:11:13,19:57:02,7093.39990234375,NaT,391.0,162.0,148.0
2021-01-01,19:02:16,19:39:40,,NaT,196.0,151.0,112.0
2015-01-01,19:12:55,20:36:18,6247.89990234375,NaT,662.0,174.0,141.0
2025-01-01,16:11:29,17:23:51,10305.599609375,NaT,443.0,171.0,136.0
2023-01-01,09:33:39,10:12:35,1654.300048828125,NaT,295.0,153.0,140.0
2024-01-01,15:33:18,16:51:54,24374.30078125,NaT,614.0,171.0,145.0
2025-01-01,14:19:18,15:44:06,12004.2001953125,NaT,688.0,169.0,145.0
2022-01-01,20:13:52,20:52:12,5987.7998046875,NaT,354.0,163.0,150.0
2024-01-01,17:44:21,18:33:35,,NaT,379.0,161.0,141.0
2022-01-01,10:23:13,11:46:24,34120.80078125,NaT,641.0,161.0,138.0
2024-01-01,06:11:14,07:05:01,18780.80078125,NaT,430.0,171.0,152.0
2016-01-01,11:40:20,12:43:46,2077.0,NaT,207.0,,
2023-01-01,07:21:13,09:11:58,19850.599609375,NaT,1053.0,181.0,159.0
2022-01-01,19:52:20,20:33:28,6395.5,NaT,385.0,171.0,152.0
2021-01-01,16:25:19,17:16:23,,NaT,292.0,147.0,113.0
2025-01-01,16:37:32,17:18:30,7250.5,NaT,382.0,170.0,153.0
2017-01-01,13:10:43,14:12:52,10503.900390625,NaT,561.0,,
2022-01-01,13:55:03,15:13:31,13379.0,NaT,798.0,182.0,162.0
2021-01-01,08:19:28,09:17:30,10386.7998046875,NaT,610.0,184.0,165.0
2022-01-01,06:14:54,08:40:46,65952.703125,NaT,1220.0,162.0,145.0
2021-01-01,19:13:42,20:12:47,,NaT,256.0,154.0,100.0
2021-01-01,08:07:08,08:17:48,0.0,NaT,58.0,136.0,114.0
2020-01-01,09:36:42,10:44:06,11152.0,NaT,642.0,,
2025-01-01,15:43:02,16:23:13,,NaT,175.0,129.0,100.0
2025-01-01,15:44:45,16:45:35,10039.400390625,NaT,549.0,173.0,150.0
2023-01-01,20:44:23,20:56:51,,NaT,73.0,136.0,116.0
2022-01-01,18:02:42,18:34:55,,NaT,277.0,170.0,146.0
2022-01-01,16:51:34,17:44:20,9540.7998046875,NaT,542.0,183.0,163.0
2022-01-01,17:27:39,18:21:24,9675.400390625,NaT,567.0,183.0,167.0
2022-01-01,15:55:48,16:35:02,1825.0,NaT,312.0,156.0,135.0
2021-01-01,17:49:00,18:43:44,9286.599609375,NaT,555.0,177.0,161.0
2022-01-01,15:40:19,16:20:37,,NaT,225.0,144.0,110.0
2021-01-01,10:11:40,11:51:52,15031.0,NaT,850.0,165.0,146.0
2024-01-01,14:31:40,15:06:30,6374.072265625,NaT,,,
2021-01-01,13:40:53,14:39:51,9994.599609375,NaT,598.0,182.0,160.0
2016-01-01,11:31:44,12:28:10,9070.2998046875,NaT,603.0,,
2023-01-01,17:31:31,18:28:23,10474.2998046875,NaT,590.0,185.0,165.0
2024-01-01,19:22:00,19:57:26,6330.0,00:35:26,,,
2018-01-01,09:34:32,09:52:04,2761.300048828125,NaT,151.0,,
2023-01-01,10:48:38,13:58:10,27976.30078125,NaT,1278.0,175.0,129.0
2022-01-01,20:22:08,21:17:47,9573.400390625,NaT,568.0,174.0,162.0
2022-01-01,20:18:33,21:18:52,9220.2998046875,NaT,630.0,180.0,166.0
2018-01-01,12:18:16,13:23:24,,NaT,305.0,,
2023-01-01,18:14:03,19:21:06,2250.0,NaT,446.0,156.0,125.0
2022-01-01,10:07:23,13:52:08,11645.2001953125,NaT,946.0,175.0,146.0
2023-01-01,16:36:57,17:12:52,6280.89990234375,NaT,364.0,180.0,164.0
2024-01-01,17:23:34,18:29:54,,NaT,309.0,149.0,104.0
2025-01-01,15:18:36,15:53:03,6019.5,NaT,329.0,173.0,159.0
2018-01-01,19:10:55,20:33:32,10279.900390625,NaT,534.0,,
2025-01-01,15:50:46,16:29:57,945.9000244140624,NaT,295.0,158.0,136.0
2024-01-01,12:37:55,15:05:13,,NaT,533.0,144.0,103.0
2018-01-01,08:40:18,09:21:09,7085.60009765625,00:40:42,373.0,,
2020-01-01,09:19:55,09:58:35,6659.10009765625,NaT,376.0,,
2024-01-01,10:55:39,12:11:30,13639.2998046875,NaT,713.0,168.0,155.0
2025-01-01,16:05:40,17:41:20,,NaT,140.0,156.0,108.0
2018-01-01,20:06:57,20:38:18,5536.7998046875,NaT,281.0,,
2023-01-01,10:46:32,13:14:04,21170.400390625,NaT,1438.0,178.0,161.0
2022-01-01,05:34:42,06:12:43,,NaT,151.0,131.0,98.0
2023-01-01,15:29:32,16:14:23,1850.0,NaT,353.0,150.0,133.0
2020-01-01,09:25:39,10:40:34,12310.2001953125,NaT,658.0,,
2017-01-01,18:30:26,19:30:10,10278.0,NaT,551.0,,
2021-01-01,17:49:22,18:46:21,9622.900390625,NaT,547.0,185.0,156.0
